Date,Premium_Million,Claims_Million,Policies,Customers,Premium_Growth,Policy_Growth,Customer_Growth,Claims_Ratio,Premium_Per_Policy
2021-01-01,91.24,47.26,6729,5376,0.0,0.0,0.0,0.5179745725558965,13559.221281022441
2021-02-01,89.79,48.29,6542,5306,-0.015892152564664475,-0.027790161985436157,-0.01302083333333337,0.5378104465976166,13725.160501375725
2021-03-01,94.03,56.72,6927,5826,0.04722129413074949,0.05885050443289508,0.09800226159065217,0.6032117409337445,13574.41894037823
2021-04-01,92.46,55.77,7284,5751,-0.016696798893970133,0.05153746210480725,-0.012873326467559232,0.6031797534068787,12693.574958813839
2021-05-01,86.46,52.15,6901,5699,-0.06489292667099289,-0.05258099945085115,-0.009041905755520774,0.6031690955355078,12528.619040718737
2021-06-01,87.48,65.91,7395,6299,0.011797362942401302,0.07158382843066224,0.10528162835585197,0.753429355281207,11829.614604462475
2021-07-01,99.41,60.21,6575,5102,0.13637402834933687,-0.1108857336037864,-0.1900301635180187,0.6056734734936123,15119.391634980988
2021-08-01,97.23,61.36,7491,6175,-0.021929383361834698,0.1393155893536122,0.21030968247745974,0.6310809420960608,12979.575490588706
2021-09-01,93.35,58.15,7343,6068,-0.03990537899825164,-0.019757041783473483,-0.017327935222672064,0.6229244777718265,12712.787688955468
2021-10-01,104.13,63.44,7458,6256,0.11547937868237823,0.015661173907122405,0.030982201713908974,0.6092384519350812,13962.188254223653
2021-11-01,101.23,57.28,7603,6011,-0.027849803130701956,0.0194422097076965,-0.03916240409207161,0.5658401659587079,13314.481125871367
2021-12-01,102.35,62.86,7178,5648,0.011063913859527652,-0.05589898724187825,-0.06038928630843454,0.6141670737664876,14258.846475341321
2022-01-01,103.38,56.37,7715,6420,0.010063507572056762,0.07481192532738934,0.136685552407932,0.545269878119559,13399.870382372002
2022-02-01,95.86,54.58,7851,6491,-0.07274134261946219,0.017627997407647422,0.011059190031152744,0.5693720008345504,12209.909565660426
2022-03-01,97.71,54.54,8235,6797,0.01929897767577704,0.04891096675582718,0.04714219688799881,0.5581823764200184,11865.20947176685
2022-04-01,96.41,56.27,7803,6460,-0.01330467710572103,-0.05245901639344264,-0.04958069736648518,0.5836531480136916,12355.504293220556
2022-05-01,95.63,65.43,7803,6276,-0.008090447049061367,0.0,-0.02848297213622286,0.6841995189793999,12255.542739971806
2022-06-01,101.96,50.57,8038,6632,0.06619261737948334,0.0301166218121236,0.05672402804333965,0.4959788152216556,12684.747449614331
2022-07-01,102.25,62.46,8477,7003,0.0028442526480974006,0.05461557601393374,0.05594089264173707,0.6108557457212714,12062.050253627462
2022-08-01,101.3,51.4,8401,6760,-0.00929095354523235,-0.008965435885336825,-0.03469941453662717,0.5074037512339585,12058.088322818712
2022-09-01,113.88,63.63,8420,7240,0.12418558736426455,0.002261635519581029,0.07100591715976323,0.5587460484720759,13524.940617577196
2022-10-01,114.59,72.08,8771,7277,0.0062346329469618045,0.041686460807600856,0.005110497237569067,0.6290252203508159,13064.64485235435
2022-11-01,116.89,68.14,8777,6982,0.02007155947290329,0.00068407251168634,-0.04053868352342993,0.5829412267944221,13317.76233337131
2022-12-01,112.05,59.56,9019,7513,-0.04140645050902558,0.027572063347385267,0.07605270696075617,0.5315484158857653,12423.772036811177
2023-01-01,113.4,62.12,8699,6957,0.012048192771084487,-0.03548065195697969,-0.07400505789964062,0.5477954144620811,13035.981147258306
2023-02-01,117.12,71.51,8920,7456,0.032804232804232836,0.025405218990688594,0.07172631881558145,0.6105703551912568,13130.044843049327
2023-03-01,113.17,61.92,8938,7537,-0.0337260928961749,0.00201793721973087,0.010863733905579487,0.5471414685870813,12661.66927724323
2023-04-01,112.45,66.31,8744,7022,-0.0063621100998497715,-0.021705079436115438,-0.06832957410110119,0.5896843041351711,12860.24702653248
2023-05-01,101.57,59.12,9135,7664,-0.09675411293908409,0.044716376944190284,0.09142694389062944,0.5820616323717633,11118.773946360154
2023-06-01,103.83,57.17,9236,7647,0.022250664566308975,0.01105637657361802,-0.002218162839248472,0.5506115766156218,11241.879601559116
2023-07-01,108.26,73.24,9307,7779,0.04266589617644234,0.007687310524036484,0.017261671243624876,0.6765194901163863,11632.10486730418
2023-08-01,119.14,72.5,9460,8098,0.100498799187142,0.016439239282260765,0.041007841624887575,0.608527782440826,12594.080338266385
2023-09-01,112.75,55.12,9170,7475,-0.05363437972133622,-0.030655391120507414,-0.07693257594467773,0.4888691796008869,12295.528898582334
2023-10-01,116.8,68.73,9549,7694,0.03592017738359199,0.04133042529989095,0.029297658862876164,0.5884417808219179,12231.647292910253
2023-11-01,133.45,73.43,9851,7917,0.14255136986301364,0.03162634830872335,0.028983623602807373,0.550243536905208,13546.848035732412
2023-12-01,126.41,88.28,9733,7834,-0.052753840389659024,-0.011978479342198756,-0.010483769104458807,0.6983624713234713,12987.773553888832
2024-01-01,129.58,80.9,10014,8197,0.025077129973894552,0.02887085174149795,0.04633648200153173,0.6243247414724494,12939.884162172959
2024-02-01,122.0,79.89,10146,8381,-0.058496681586664656,0.013181545835829755,0.022447236793949,0.6548360655737705,12024.443130297654
2024-03-01,125.62,85.77,10642,8776,0.02967213114754097,0.04888626059530843,0.047130414031738566,0.6827734437191529,11804.172148092464
2024-04-01,124.02,86.68,10277,8576,-0.01273682534628251,-0.0342980642736328,-0.022789425706472244,0.6989195291082084,12067.724043981707
2024-05-01,127.21,66.91,10419,8545,0.025721657797129538,0.013817261846842399,-0.0036147388059701857,0.5259806618976496,12209.425088780114
2024-06-01,125.96,71.16,10403,8792,-0.009826271519534635,-0.001535656013053055,0.028905792861322332,0.5649412511908543,12108.045756031914
2024-07-01,131.0,73.18,10084,8221,0.040012702445220816,-0.03066423147169084,-0.06494540491355782,0.5586259541984734,12990.876636255454
2024-08-01,131.32,72.3,10643,9216,0.002442748091602942,0.05543435144783815,0.12103150468312851,0.5505635089856838,12338.626327163394
2024-09-01,127.68,84.2,10703,8889,-0.02771855010660973,0.005637508221366216,-0.03548177083333337,0.6594611528822055,11929.365598430346
2024-10-01,139.7,83.57,11530,9300,0.09414160401002492,0.0772680556853218,0.046236922038474626,0.5982104509663565,12116.218560277537
2024-11-01,141.86,74.23,10974,8805,0.015461703650680114,-0.04822202948829146,-0.0532258064516129,0.5232623713520372,12926.91817022052
2024-12-01,149.06,92.61,11266,9324,0.0507542647680812,0.02660834700200465,0.05894378194207839,0.621293438883671,13230.96041185869
2025-01-01,131.28,88.68,11051,9021,-0.11928082651281369,-0.01908396946564883,-0.03249678249678245,0.6755027422303473,11879.467921455072
2025-02-01,123.95,77.65,10762,8953,-0.0558348567946374,-0.026151479504117225,-0.007537966965968312,0.6264622831787011,11517.3759524252
2025-03-01,133.4,68.25,11535,9543,0.07624041952400162,0.07182679799293812,0.06589969842510901,0.5116191904047975,11564.802774165582
2025-04-01,121.98,68.09,11382,9320,-0.08560719640179915,-0.013263979193758102,-0.02336791365398727,0.5582062633218561,10716.921454928835
2025-05-01,133.83,85.25,11616,9372,0.09714707329070338,0.020558777016341567,0.005579399141630859,0.6370021669281924,11521.177685950415
2025-06-01,140.01,76.75,11348,9032,0.046177986998430676,-0.023071625344352586,-0.03627827571489539,0.5481751303478324,12337.856891082129
2025-07-01,148.37,89.02,12108,9848,0.05971002071280629,0.06697215368346843,0.09034543844109821,0.5999865201860214,12253.881731086885
2025-08-01,149.04,100.58,11497,9581,0.004515737682819987,-0.05046250412950115,-0.027112103980503677,0.6748523886205046,12963.38175176133
2025-09-01,143.02,85.57,12004,9881,-0.040391841116478644,0.044098460467948186,0.03131197161047905,0.5983079289609844,11914.361879373542
2025-10-01,154.88,98.71,12629,10131,0.08292546496993425,0.052065978007330926,0.02530108288634758,0.6373321280991735,12263.83720009502
2025-11-01,158.57,78.36,11960,9838,0.023824896694214948,-0.05297331538522443,-0.028921133155660805,0.49416661411364066,13258.361204013378
2025-12-01,162.28,96.38,12193,10067,0.023396607176641382,0.019481605351170606,0.02327708883919488,0.5939117574562485,13309.275813991635
2026-01-01,153.15,87.09,12332,9953,-0.05626078383041655,0.01139998359714589,-0.011324128340121198,0.5686581782566111,12418.910152448914
2026-02-01,155.43,81.42,12291,10106,0.014887365328109636,-0.0033246837495946036,0.015372249572993102,0.5238370970855047,12645.838418354893
2026-03-01,145.84,95.3,11996,9847,-0.06169980055330371,-0.02400130176551951,-0.02562833960023747,0.6534558420186506,12157.385795265089
2026-04-01,136.02,70.14,12365,9933,-0.06733406472846948,0.03076025341780597,0.008733624454148492,0.5156594618438465,11000.404367165385
2026-05-01,145.08,81.27,12273,10128,0.06660785178650208,-0.0074403558431055394,0.019631531259438173,0.5601736972704714,11821.070642874603
2026-06-01,148.28,86.87,12778,10578,0.022056796250344624,0.041147233765175484,0.044431279620853026,0.5858510925276504,11604.319924870872
2026-07-01,156.75,101.08,12613,10537,0.05712166172106814,-0.012912818907497292,-0.003875968992248069,0.6448484848484849,12427.654007769761
2026-08-01,162.11,83.55,13377,11158,0.03419457735247211,0.06057242527550932,0.05893518079149662,0.5153907840355314,12118.561710398446
